,resource_state,name,distance,moving_time,elapsed_time,total_elevation_gain,type,workout_type,id,external_id,upload_id,start_date,start_date_local,timezone,utc_offset,start_latlng,end_latlng,location_city,location_state,location_country,start_latitude,start_longitude,achievement_count,kudos_count,comment_count,athlete_count,photo_count,trainer,commute,manual,private,visibility,flagged,gear_id,from_accepted_tag,upload_id_str,average_speed,max_speed,average_watts,kilojoules,device_watts,has_heartrate,heartrate_opt_out,display_hide_heartrate_option,elev_high,elev_low,pr_count,total_photo_count,has_kudoed,athlete.id,athlete.resource_state,map.id,map.summary_polyline,map.resource_state
0,2,Ночной велозаезд в магазин и обратно по Шипиловской,15572.2,4016,5598,101.7,Ride,10.0,4676650028,F165CA16-C67F-4D38-9555-854925248839-activity.fit,4993632925,2021-01-24T20:42:47Z,2021-01-24T23:42:47Z,(GMT+03:00) Europe/Moscow,10800.0,"[55.635849, 37.701129]","[55.637597, 37.698348]",,,,55.635849,37.701129,0,6,0,1,0,False,False,False,False,everyone,False,b4930249,False,4993632925,3.878,9.9,100.8,404.8,False,False,False,False,180.9,133.3,0,0,False,22636627,1,a4676650028,_kqrI_obeFHo@BgBCs@JYRAbDjMDTA\GNAsAPm@XUFDAb@PZb@XNSDJc@jBE`Ba@fDMlDQbCBvCfChANVr@j@l@Pf@Xj@l@jBfAhBt@NNjCz@v@z@~BhAlB^vCbA`Et@nEzApADzBWpBqAbA{@\IjBeAjAiA`A_@`@[jB[tBYbB@hCZpAKvCP|@Hb@Tl@c@pAYv@BnEm@r@?rBi@`CYl@B~Co@pBGAGjFw@fBKrB{@`B{@lA}@T[p@_@NUdCqBjAyAZQ~AgBjAaAl@}@`@[n@gA|AaBvDgGh@}AnCeF|CmHjAoBp@kBVe@v@yCXUr@sApAqAz@qANs@fAmBfBsBlBiD\]hFmJ~@qA\YbBkCb@w@n@}A`BwCrBiE^c@~CkFlEsGRe@ReAPa@zD{E~C{AZa@|@o@bFsEpAwBT?xAfAtB`DrArAbA`@h@BzAd@\Tt@dAj@rAp@pC~AzFzE~Ol@|APLXQYkDTUDYb@eAJcBZw@EY]_@Ui@]cBK{@eCcIBWLSjBuAz@iAF[DAO`@CETPGI?c@EGMPOh@u@j@{@nAiAdAKFEMGTBZVp@`AvB`BvGjA~C@j@[rBCx@YbBWLSK}@iB}AuEcAmD}A}E}AoGg@wAeA}Ag@]kCa@gAg@k@a@g@g@gAwBgBiBSBiAxA}AhAaArAgB`BwB`BkBr@cBnBgA|A{@rBa@n@M^wAbCGBD@[h@eCrBwAnBk@fAuA~Aa@p@k@|AsArCg@tAeC|E{@fAUl@i@bAuCbEoB~De@\aBtByAtDgAhB]^u@vA]f@aCrB_@h@]t@wArFg@rAY~@{@`BF?M^QFmBvE}@nAgCrEWXQ^gBlCQToA^eBnAcAZiChD_An@m@~@i@f@g@v@o@\eAhAiAz@yCvAqCf@kA?s@PsADyCp@gCRoAZQ?[a@MLOEo@XeAD_A`@}AEsFnAiBJwAIcAUq@?GI[HwAI{APi@McABmEdAw@|@s@j@oDjCe@b@q@FcA`@aCIOZcBY{C_AwImBsCeAg@E]]w@e@_DqCyA_AaDiByAsAeAa@kBa@oBQu@CGS^eAnBoJXgAReAF_AKWy@}DaA_Eu@_CSoAM@_@b@I^CdBQ`Ci@lFYnEc@jD_@cBk@yAMk@q@gAE?MX[Zq@`CMHD@,2
1,2,Вдоль канала,10855.0,3383,4365,66.2,Ride,10.0,4577117746,90546A6C-01BB-46D0-AED8-D6AC59D4FEB0-activity.fit,4889754696,2021-01-06T14:20:19Z,2021-01-06T17:20:19Z,(GMT+03:00) Europe/Moscow,10800.0,"[55.953172, 37.511979]","[55.886741, 37.469267]",,,,55.953172,37.511979,0,4,0,1,0,False,False,False,False,everyone,False,b4930249,False,4889754696,3.209,6.5,95.5,323.0,False,False,False,False,181.5,164.6,0,11,False,22636627,1,a4577117746,ijotIyp}cFCD@JKXOJa@r@O@GdBIf@s@x@q@`@GHEZF|ACJ@ZHVHx@Jd@fBnFLZVZzA\vB?pAHZXTf@L|@n@lGVbDJlB@rCMnD@h@MdEOlAqApHUhB]zAq@~DU|CENGFSd@a@pCg@vBG`@?VM`AKJM^c@zAG\EjBDfDAf@HpABfBExDHvBApDIZIH[Jw@Ho@E}@FMHKTMv@w@nCSbAs@v@e@~@Y`AGv@Tf@LJL?CC`BvBbAfAj@|@`BlAPX\X`AZxAlA|@^n@Ll@d@p@VtBd@lBx@b@DEg@@EFBAKJHDl@VTxAZrAt@l@PH@@]DILFd@Uh@TR?PPbAJp@\^\fARvCBz@^hARZNbCAfAKd@DDEJ{AZi@^Mz@Ef@[ECd@KNSvAa@V?pAk@dAkAh@YFa@Zm@t@g@j@s@NENQ`@UNAPK@RBJTGv@cAn@g@j@[V[|AqA|BaBHKJ[VBPIrCoCF@t@aArBmBnA_AV]b@_@r@e@C@Tc@`@]@Fh@g@hAk@JM`Ac@p@o@r@Qx@e@n@I`@SLMbASn@Sb@@lCaAXBt@UdBIbAOVBnASz@LlCJ~@TlD@bBPHMJGhAXr@FzAKpBFr@MfDQn@Dp@Pp@Bl@E\FRIr@ArBXLJpACxANr@CfCTp@RhA@z@RvACfCt@vAz@hBh@vBpAv@ZJNLh@Z`@bCfCv@dAr@f@XDr@^lAxA`@r@d@bAr@~@dApBHXl@~ARXb@nAPR~@lCr@hBHLd@lAj@l@Xh@^zAf@bBDb@Bv@Fb@P`@Zd@pAlCj@tAbCzDt@rAv@bBv@rAr@jB\Vb@JXZ\r@VBPNnCjE`ApAx@`AzBnBrAb@dAn@~A\dAd@nA\~Ep@JAZURAt@n@l@Vl@?h@N|@AhAHbBZ?FCGB?PJ~AHrBd@dBLz@X~@Df@LlBDxAPfBj@zAT|@^hAJdDv@LNLBEB_@]MA@MNHPCr@NJGn@Jn@b@H@\YBGJwALq@^UNg@b@e@LENZPOh@Qt@i@`@QTCjANpB~@|@`AT^TF^p@TD|@fBf@h@b@@j@l@TLb@@RMv@Cp@NR\H?xA[d@s@HO@U@?IW?KIi@@e@Na@TWRQHFBE,2
2,2,По снежку от МЦК до Коломенской через мост,3707.8,1453,1864,21.2,Ride,10.0,4554694139,C9A9E0AE-B474-45BC-9E00-C04E37754A09-activity.fit,4866171904,2021-01-02T14:31:36Z,2021-01-02T17:31:36Z,(GMT+03:00) Europe/Moscow,10800.0,"[55.705384, 37.665424]","[55.683534, 37.671863]",,,,55.705384,37.665424,0,3,0,2,0,False,False,False,False,everyone,False,b4930249,False,4866171904,2.552,7.1,104.1,151.2,False,False,False,False,136.6,124.3,0,1,False,22636627,1,a4554694139,s}~rI{o{dFDULMAKDMGO?EL}@NaBBy@A_@G[@Ch@PVBRCF@@IRE`@AVDj@Ct@XV?RLF?VLDAFBF~@BGv@EDGJE@_@?WK[Ek@De@?i@R{@CYBIn@?NADC@@LCz@Rz@@d@JrAJRCTBRAZH`@@TB^?`AHN?d@FfABv@HdARZ@XFX@PFVJN@JBLEXDJCV?NFL?j@Nn@JNFh@HT@PAbABf@JF?TJ\BTDZ?|@NLCFFB?ADDLPZh@?HGXCNNLBd@PR@VGDIF@h@SVCx@BLAXHP@b@En@Bz@ARHPNx@^BAJMFED@FVJPl@l@\DFDXCn@Dd@LVBRJNB^CNDh@?b@FP?j@Ld@@XAxCZfABv@Nd@Dd@@VD`ADVDV?^Hb@@XHP@\FD?`AFf@EJ@d@Bd@Lz@@^JtAHVHv@@f@FV?bAT^NZ@xAZHCFFL@FDR@RFFC@OAsAJSB[?CGE?IBKK[SIEIGAi@PSAWJc@@EDGG@JDDTDh@C^@RFFFD@AiA@ELQKBKAEGIEG?EGMQSo@KCOYE[EM@GSs@Jr@B?@EHFIUIEI?MIKAEEEQC[BODGCOGYS_@CQGQIkAIg@Aa@QaAIIEQ?m@Gm@?c@G{@FoA?_AFcAAOSo@g@u@KYAY?BCG?@,2
3,2,Левобережная - Долгопрудный,11126.5,4552,5989,62.7,Ride,10.0,4553915835,44D39EA9-40DB-4527-9FFD-08D85B6882D3-activity.fit,4865357315,2021-01-02T11:37:15Z,2021-01-02T14:37:15Z,(GMT+03:00) Europe/Moscow,10800.0,"[55.888983, 37.468891]","[55.953419, 37.511021]",,,,55.888983,37.468891,5,3,0,2,0,False,False,False,False,everyone,False,b4930249,False,4865357315,2.444,5.3,95.2,433.5,False,False,False,False,183.6,163.8,1,7,False,22636627,1,a4553915835,cybtIqcucFo@a@d@e@_Aq@w@q@s@w@}@{A}@UgBD{BzA[Hg@@m@Ko@`AMx@q@Dc@XYGAMFEDBcABy@lCi@Ii@?WVw@_@c@OqC_@_Dw@iHeAq@AmAKs@YaCc@Y@y@WmBMe@SiE[_@Qk@u@MDi@t@e@Mm@B}@KgBm@i@AyCo@qAu@_ASmAw@q@Yq@k@eAe@mA{@a@k@wAiAoAwAUg@e@e@SaAQ{AQK_@@WQcAmAmA}B_@e@UwAWo@SyAE?Cs@e@aAEsCFcBEYMIe@{@[}@y@_BaAiAaBuDc@a@sAmCMc@K{@[_AEk@MGQe@]]_@y@i@a@s@yAWS[_AeAeBq@k@o@o@cB{Bg@aAKD[Wq@mAg@]Sw@GDK_@c@OO]Bd@c@d@QDk@a@y@OQYsC}Ay@Gy@YgACy@g@q@OkBKoBQc@O_AH{DAqAW_AA}@YoBEmHZmDM[Ju@?YGmBJgEg@wB@c@Qc@Ns@QcBDg@MwBJiD|@_A?wAN[Zu@F_C`Bs@\u@L}@ZUTgCv@qA~@uAn@q@x@QFmAlA_BlABDg@n@mBvAMVeB`Bq@\S\o@h@}@j@[Hm@p@GNy@b@SREPQFk@p@[JUT@FUNY@WSa@DaAhAkBbB?J_@Pc@j@YB}ApA]HeCxAq@H_Bp@wB\YRyBLgABq@TeAe@m@FYOa@Bq@g@YJo@Sg@c@w@PmAUIKSd@AIUQwAg@aBWy@a@o@DeC_BiBw@}Aa@mB_@m@]GM[I{@y@uAeAu@c@}BiCo@a@mBuCA[PcBPw@N[XQb@gAdAkEv@UbBE`@Sf@aADy@H[HCEeBQeERuACk@HoGQsBBw@OL[J]KiAFOMs@aB[YWe@k@QwA}AYaAQiAe@qAIy@Bq@VeADm@@[CFMmANj@GXb@ZTGLs@p@{Af@_@d@}@`@@|@v@BHKhB@LJHdAPrD|A~@FNSZqAjA{B?e@Ry@A_BDs@d@iDX}@f@iD@aDL]@aAPoBJmBBgAA[So@WgCWs@[eF_@eCQa@i@m@y@W[W@HAQ_@WsCCe@w@c@aBQcAWw@WiAa@iCGs@FY`BaANUJc@Ag@^_@Gd@,2
4,2,Дневной велозаезд,4428.1,1438,1994,12.1,Ride,10.0,4552756889,417CDF23-78FD-487A-BC01-0B10B84B57C5-activity.fit,4864144556,2021-01-02T09:55:50Z,2021-01-02T12:55:50Z,(GMT+03:00) Europe/Moscow,10800.0,"[55.683531, 37.673493]","[55.68998, 37.618358]",,,,55.683531,37.673493,0,2,0,2,0,False,False,False,False,everyone,False,b4930249,False,4864144556,3.079,5.7,78.1,112.3,False,False,False,False,134.9,122.1,0,1,False,22636627,1,a4552756889,auzrIib}dFAVB?BM}@l@WXOFWV[\e@p@MJMd@e@d@I@OHU?CAEBa@f@c@f@KFU^WVM@OMSIC?ADWVCL@VNz@HlAL`A\nGLjAV~HFp@@r@f@~G?`CEx@JbAFlBHzENhDD\?`@JrB?t@P|C@tALlC@r@PjDJpA?`@D`ABpDHhAFbB@p@PjDAbADlBPfDNlGFdAHpBH~@?~@Dn@@z@FZARJfCBFHfA?b@NbDClALpC@t@JjBH|FDx@Df@@v@Hr@@fAHz@BpCLvBAd@DdEG~BCdC]rDM`CQnBq@bDCZQ`AQf@CRIJOd@UdAWn@ARW|@Q^I\]z@OPENk@z@Q^KJYh@eBdBYHWVUHCFG@s@f@UBQLm@JED_@Ng@d@SFULK@[TQB{@VWRYLe@JMJSEWBc@NMH]NAF@l@HRB@CGWNSBg@NGFg@Pq@LQHKAMHODY?]DOJ_@z@AVB^RhAJbAFTDp@L`@Dz@NTLFx@jAPr@Hd@Dn@@lAE~@@TEfAFn@@??CADDPD@@JCC?FJP@N?tBJzBD`@Ln@NJHTLPDTB?A^ETBLDBXrAPrA?D?EGCm@`@BBCDG?QpBB_@G[AI,2
5,2,От Коломенской по парку,7194.9,2494,3026,42.4,Ride,10.0,4552567822,201B7626-8285-4ECF-9CA4-58B1F24E7B67-activity.fit,4863944812,2021-01-02T09:01:38Z,2021-01-02T12:01:38Z,(GMT+03:00) Europe/Moscow,10800.0,"[55.64003, 37.688629]","[55.683547, 37.673564]",,,,55.64003,37.688629,1,3,0,1,0,False,False,False,False,everyone,False,b4930249,False,4863944812,2.885,6.4,80.3,200.4,False,False,False,False,170.7,125.9,0,0,False,22636627,1,a4552567822,eerrI{``eFDBVpALTG?ABSPS\c@jBmA`CYt@_@rAw@dBMx@ILWPq@pAQx@AtA@j@Hd@K~@?x@Kd@Qh@@@CAOh@AXCHE?CHK`@Wp@QdAMZ?ZEVg@xBQd@CTMj@O\Md@q@hBy@xCSZeAxCi@bCK|@YbAEHIb@Sh@?JS`AY`Bu@~Bw@pBSnAm@z@Sl@WbAK\ObASd@[tAId@KXKp@EJ?RINE@CLM`@QTSn@Sb@]lAANc@`AGDCFGv@Up@KVANGTKn@OVi@|AC\Ob@[tAK`Aw@pBY|@EZs@rBOn@UfA@FIVM^QTCZEL[x@GD@Zc@`Am@tB]r@Y~@QBOJOOCIG@[p@GTALc@t@Sn@W^e@jAU~@a@r@W^SHa@^c@n@u@l@]x@AHEBMhBI^M`@IJGEKh@EB?BIBCFAFHPUL]j@CJq@hBc@l@GBAFUTKDAFSTu@^OPe@Zs@GmA_@i@YO?QIQHSVSJ_@Yk@[g@Ke@SmABE@EJi@D_@G_@@eAPc@NW?a@M@DCISQ_A_@k@a@m@q@YSSWeAg@c@Y[Ci@BQEW@WIUa@[s@MQYSKCo@HQKO@YMKOYUa@e@eAm@SSO]Eg@Kk@EOIKWCiAHi@U}@k@UEU[m@k@[M}AiAWm@KgAGKm@]OASFa@KSIMKOC[SUQYCCSGI[U}@eAg@Y}@{@Q]Su@IOQs@Sa@QEa@HKAM_AOYGSi@mAGIEQs@yAEQYaAMUWw@g@aAGYQSCKDBKq@m@kAESk@_A_@aAc@wAi@gA]_A[k@}@u@_@Ua@Mw@i@ME_@]YG_DoBi@Qm@g@YMs@i@WA_@Se@g@SOUKm@S]GUSc@O}@g@QO]KMKGKQCEGG@EI[YUIGLIb@Cf@?b@CjAE^I^Af@KnAItDIb@?l@EHCx@WnDExBBd@Wr@SRG^QDGTC@]IQDi@Gm@]CI?GIG}@QECEm@ES?EGOIACOEEI[O[Wu@KcAEm@?_AE{@KKg@wAAUWsAKoAYuA[gAUcB[aASeAKSCc@[aCCe@WaAWc@Mo@ImBI{@Ia@SQQ}@Ee@IWOIDA@D]REXYZ]VYNUFKN]PUA[RCHED]FOJGNm@j@OHk@|@WRo@RGF?JKR@K,2
6,2,Вдоль Шипиловской плотины,12128.0,5041,7902,100.6,Ride,10.0,4545628300,9B9548E9-C249-4DFA-B141-2CA1A281BDC9-activity.fit,4856562811,2020-12-31T15:44:23Z,2020-12-31T18:44:23Z,(GMT+03:00) Europe/Moscow,10800.0,"[55.637228, 37.698036]","[55.637483, 37.69822]",,,,55.637228,37.698036,1,2,0,1,0,False,False,False,False,everyone,False,b4930249,False,4856562811,2.406,6.4,103.0,519.3,False,False,False,False,172.8,133.3,0,0,False,22636627,1,a4545628300,ssqrIu{aeFFC_E@?e@Lk@|@u@Bc@Tg@@c@PCPx@Zb@L@nA~B`@zAz@LXkDRi@T_FNaA\_KH[VIF@Rh@l@~Cv@vCj@vC?HCAFi@Vu@Zz@h@H?R[`ABbACh@Yz@OtBIhHLb@rBzAbApAj@JfAx@`@JdCrAzCxBp@Tj@d@xCxADJGr@DL`CVxAf@fFhAjAXr@h@fBXlA@pBa@jDiCbBeAr@SnAgAnAc@f@_@fBOtEJl@Nl@O`@LvCKdAHjAILEBM\GfDGzDOz@_@UgADg@CqCHiAA}BJsBKuEMaBFqAEg@?iAYkIS}BAkDKuAAgAa@_BKkAQcA@_@IqAEOKA]_Da@qGe@{CA_Ag@qGO}CUeDcAyHm@s@a@@aAj@uCHQHD?ENc@F@SIn@TOBYHXLSfA]hAcBfA[f@e@JXF`A?dAf@vDt@rIX~Bp@vI@tAf@nDRhET`BAh@XpBHdBLr@RvDJn@EvCPxDInBVbEFtBL|@?t@PtBE`FJFDrCMtBEjDYGSNu@@qAd@uD\kBICKy@TuAa@y@RiAGAMWAOLU?CSSBMJAc@[b@UAEOSBESMAc@HCMy@\K]c@p@oAR]^WFs@z@GCId@KLqAl@yA|Ai@TqA`AmAZiABs@Yu@Bm@[s@EO@I^IFcBk@uD_@]WyAa@sBYQx@M`BUv@MdBs@Tm@Qc@a@Le@j@_A@_@Mm@_@hAeAh@y@g@_Bi@}@w@gAyB_@QsASc@mAOgAWa@iBm@_@xCCrBc@|HCpDK`A[tACfAc@rAm@\aBfAM@]VuAu@yAm@}@Sy@q@mBvB{@b@WCeAu@o@y@m@aAi@MKSUOM[y@{@yCwEKe@Lm@Sc@Ig@q@qBKy@Jg@RQX?`@TdBoCXaBXsAbAkBJy@R]BOKaAv@iAj@qBFAXgBEiAc@mAm@eAg@]Qs@DWT[Hq@JG~@{CFc@l@iBDc@d@{APGVREOKGGNs@jCSzAq@hBa@dBQTQh@Wb@H|@Tp@b@|@NQDHiBuCFu@l@cBt@qCd@oA^{Ap@cBTDlBrCNd@Bd@Ss@UW{@qBc@c@U\Kp@c@pAg@~@c@dBI~@k@hBJQXeCpAuDp@iCn@G`CbD`CtGHp@\pA@VGAU[Ik@c@uAg@jCYn@N^,2
7,2,В той дом через Царицыно,24343.6,7199,11702,143.7,Ride,10.0,4538758681,76D7485A-EE00-4AFF-B3E2-63779E63AF42-activity.fit,4849268243,2020-12-30T09:31:28Z,2020-12-30T12:31:28Z,(GMT+03:00) Europe/Moscow,10800.0,"[55.637697, 37.698378]","[55.636962, 37.698087]",,,,55.637697,37.698378,1,3,0,1,0,False,False,False,False,everyone,False,b4930249,False,4849268243,3.382,10.5,101.2,728.7,False,False,False,False,179.6,133.3,0,0,False,22636627,1,a4538758681,qvqrIy}aeFKKKnASMuA|EqAfGk@|@}AhDwB`Hf@qB`AsBnBqJ~@uB~@kD^eDJYT@Zb@j@_@Nl@iGjQw@TQbAk@v@@d@v{@llAd@gAz@TjCxDt@CMAFNE`@pCvCxBjDt@r@fB~CzCvD`DjELj@vBdCjGlKPFPo@HFj@pAZH@TzBnDX`AfBnBjApCNAx@qBf@mCn@u@l@QDw@g@oAs@aAkI_JcAaCOaE`A{XV}BxAuHjC_HzAaGnEoMdCwIpCcPJ_HJ]xHe@zBy@jDIvImAjCaBrBqBdCiAXm@|DuDlHeIpEkHzCyG~AeCrFaNnEwHhAwCjAcArMqUbHeKAWZ_AhFqKlHyJt@w@b@cAr@wCdCgCbD}A`DqCtEsEfAeB`BtAtCjEfD|AOa@}CoA{BoDmBwBt@YdAcAlBYp@s@hAfBi@aAIm@d@v@dC{CTj@HSdA|Df@XDh@RHfC~JlACtCeBtB_@t@_A^yCi@sMO@Wm@YmCm@VI[[^Eg@Sx@G]GVk@vC|@@xJwE?tCRYHlCe@kATn@Sa@AzAm@wDZUTaAWrBWd@Aj@x@rFK|@g@d@ODDg@Oi@KdDkAaDM^pAuDFRbAiAIXYiA@_Aa@}@f@RF^MgAOAaBnBEi@YA}@^kBFe@IYxAJc@E]MhA^]~FtKQDFlAc@fBq@v@{@HRpBIf@_DrDa@LNlAnAxElCjIQjDGrCSf@[Fi@u@cImXmBsFeBiB}DcAmBgB_A}AaCoB_AxAaF~EmCxB{B|@}EvFq@nBsBfDkB|BsPhZkCxBsAbBcBpEiEfG}BzEiAh@qAdDcC~By@jBs@|CqBhFgFjKmAl@q@vBiAjBi@hBkAdBi@p@}FfB[f@Ev@q@Vw@d@k@d@I\DhAwArAeB|@kAjByDbBmCf@kR|BaADQYUAe@l@aLbBwPYmCVaCp@y@z@yHdFuCp@yE}@m@J{N_ECi@kGcD}CgCeAWsHgFu@SS[MwAB_Er@yEBqB}@}CUiBsCeKSsBNgBL_YAgKTmVEeF\aNNog@IyGXwRB{Ra@~k@Sht@U~E?j^y@VCRDrQOzFItTa@xIk@dFo@pKgAvF_B|EwCbGKhA{ApFeAbDoAjCYjBGVW_@}AcDBaATWQTRRWo@Hq@Wy@o@YI{A~AwE`@}BxBoF`BwHzAuDj@gARcCV}@Ha@bBkEVr@E`@}A|EZz@n@Ph@r@x@Q_@N@}A,2
8,2,Морозно,5190.5,1463,2378,48.3,Ride,10.0,4524896609,A8FBE7CF-216C-4E2C-9222-72AB726945F8-activity.fit,4834579966,2020-12-27T13:46:53Z,2020-12-27T16:46:53Z,(GMT+03:00) Europe/Moscow,10800.0,"[55.636629, 37.697885]","[55.637606, 37.698197]",,,,55.636629,37.697885,0,2,0,1,0,False,False,False,False,everyone,False,b4930249,False,4834579966,3.548,7.3,101.2,148.0,False,False,False,False,158.6,134.5,0,0,False,22636627,1,a4524896609,{oqrIwzaeFg@PXDsDwCDB?MD]HYJSVeAL]RJJN`AtDTj@XxADFLDJADGJo@^gGPiBJgCJmAJyCJ_BAABADF?UFIJANXn@vCr@bCVlANb@@HFCf@c@APJ`@JLJHNALIf@mAd@}@DIFCPQZq@n@kAHMh@_@HOZi@Jk@Ri@r@y@NUf@e@bAqAXc@n@u@x@sAf@q@^_@NMPSb@s@lAyARe@X_@HQd@i@r@o@~AyBVMb@a@n@aAZ[\k@x@iAZa@f@c@b@Sv@OZ?PCl@YRCN?JGLAPER?HATJVDVCLGDBPCNML?PK`@O^WNGfAo@JALH@l@Af@B\Nt@HhA@rABZJV?NBC@BNWAEIAACWVICIKSAZDj@a@PBBJCJ@MCw@Gc@QqB@k@A_@QqAQw@A_@LYDi@Wo@Ky@Aa@D_@CUM?CB[p@ORQFc@\kBr@MH_@JMNc@\EH[XKHoA\cAl@WX[NcBpAo@^g@b@i@^c@`@y@~@_@^oAfBu@n@cAzAk@h@]n@qAzAg@n@S^WVW\{AzA}AzB_BfBu@nAKLk@fAa@h@[j@YjA[`@IPKHIT]n@QLMV[xAUh@C?EGSy@GQEESq@_@i@]s@cAyCGa@M]Mk@C{@DsC?iCHcECkA@UAKIMBAACBDWLIl@I\K`DAxGHfEAlBGxDShEe@pEOfDKjAEFG?EAMUu@aDg@gAMg@MWK?EBCTM\Yf@[\EZM^FXC`@DI?@,2
9,2,Посетить икею,32071.9,7698,11217,199.1,Ride,10.0,4502940423,7B2F25D3-B1C9-44DD-9136-9F43F01CC8B4-activity.fit,4811357040,2020-12-22T06:12:01Z,2020-12-22T09:12:01Z,(GMT+03:00) Europe/Moscow,10800.0,"[55.636861, 37.699665]","[55.637658, 37.698285]",,,,55.636861,37.699665,7,2,0,1,0,False,False,False,False,everyone,False,b4930249,False,4811357040,4.166,9.9,111.8,860.8,False,False,False,False,176.5,115.9,2,6,False,22636627,1,a4502940423,kqqrI{ebeFe@x@TH`@jF^JHb@h@a@t@qI`@gIJ_\PoAScI@yCLuAp@_@PkOGsH^}KLkWAc\ZgVCu[q@}RAsFwAqT?cB]gCgAsDKqBgAgHa@qEwAsEkA{E_AsGN}@pI_BIX[DVf@u@ZaEx@sMbFma@~Ka@Dg@kA_As@nAu@nCg@pDOtAoABiAv@e@l@yBBoBpA[RaA~@y@MEQc@SkANyHOwA{AmFYeD_CqLmMmk@yEsXqB_OSg@k@LMkAg@aBeB}CkAwDCeBz@eBDqBsB_PwAmFm@uD{BwT@mDV_BCqC{BsPTuAl@r@p@FvAs@|BJnBg@tHpBv@t@dBXpBm@p@{@B_@t@YpDOvJdAbAW^s@DeFd@aHJkTK_B@mCF_@h@g@f@gC`@y@RsBl@g@GcFFsFPwBHkNMqRXsMMyOHyEOqDHkDUuAJeJt@kKnHg_@dCoO]aFWuTy@oMA_GqAoUF_Co@kAmP_EeAu@oBg@uG_Ay@q@oRe[gAeDsFgIyA}CgCmDkKaRcAaAuAdFuAvM_@~Au@rGKIOn@J\r@LEc@RSl@qKjANZr@`@DtJeCd@FtHjLbEdHlBzDxGhJvC|FtExG|J`C`KhDvFbBv@xCTtFf@dEM~D|@lHBfHd@jHf@tRCxDOtCa@dCo@vCsAvDiApH{BbLkAtHa@xGMb\PtN?t[KdPHd@f@ESzHBtFoBdEKdC_AbFExHa@bI@bM_@~M[x@m@PqPcBa@P]~@gBdAeDkAwEGsDiA{APgA[{BjA}@k@[HUpAEnBFhAlApGVzD[dGDdCx@tEnClTzDdVAx@w@vBK|A|@fCzCxKr@@`DtRlA|JvBbKvAnEpBfKr@xBlDdQd@vAzAvItAzEvAnKfB`HpCpSk@N{@j@w@`Dc@b@kCfBiC`AOi@]KyFfA{BGoFbB[I?o@l@a@`EcBzDqApf@sMxIyCfE[xATfAg@gCdAqL`B]h@Iz@~AhM|BdNd@rF~@lFlBbPpAfQVzSV@Pb@A`LQhUiAbNZjK_@~I@tEf@fSGjCc@fBErAh@hKAfRUfFFbEi@REn@]x\aBhSSZS[i@}C_CcG}DeHQBgFvNFhAp@bB|@|@ZpA}ApEGjBOt@wBvEi@nDV_@p@}Cx@{Al@cDLeBnBqDe@wByBiERyAfCkHr@kCNSrBtC~ArCn@rBEp@aBhDh@zBJnA@vA?Yq@iAAm@RyDjAgDCj@uAbE,2
10,2,Ночной велозаезд до мака через Царицыно,23230.7,5745,7682,131.4,Ride,10.0,4498345316,37C9CAD7-5B18-4DEA-873C-57487CD4391A-activity.fit,4806460256,2020-12-20T21:03:47Z,2020-12-21T00:03:47Z,(GMT+03:00) Europe/Moscow,10800.0,"[55.63702, 37.699236]","[55.637694, 37.697976]",,,,55.63702,37.699236,5,2,0,1,0,False,False,False,False,everyone,False,b4930249,False,4806460256,4.044,8.6,102.4,588.2,False,False,False,False,178.9,133.3,0,0,False,22636627,1,a4498345316,krqrIecbeFk@e@p@Sx@|C@~@b@pBP^N@X_@|@wNR{IN[VBbAxExApF\gAx@pATBa@pA@`Bo@fEG|DQ~A?hCFPpH~BjDhCxCfAdFjDhNzDxE~AdDGnAaAnD{BhAYrBiBtFsA`FFjB^|EApEg@hEGv@[xEo@bBGxBm@nA@zAg@~MgCbDaBlEeEdAwA|BuBpAoBn@c@|AaCn@e@dAgB|@}@nBeEz@iAnAuCr@eAdCcHdBuDfCaDx@uBzBsD|EyIj@wAz@kAt@}AzE}Hb@c@~C{EfG_LrBwCdBuDvAeBzA}Cd@wArAaBn@mAbA_ApE}BfCwB`BuBd@]`AoBAk@a@}@H@@NIFNr@xBrAdB`DvAxAlAf@bCPdBzBl@|AdHbVdC`Hf@?`@cFZgA@sAa@yCgAaDMwA_BqFCo@~@y@pBcCz@nAVAFZfBcCBg@GF?{@{DfECoAsAjC}@|@y@|A@t@x@tD|CpIMzBiAbD{@kA[u@iAeEcDsJs@cBq@wCaA}B}@eA_Cg@qCaBcDgEe@]UHq@rA_Av@iBdC_ChAqC|BaA^}DnEa@jA_A~AgB`C}@bCgBlCaDhGm@xAwDpEcBjCaBnEgAvBwD~EgB|Cw@bBq@j@oAnBc@lAs@|@Ul@sDxEQp@eAfB_BdFm@z@uAvDk@n@k@rA_BfCcAz@qChF}B|CqAtA_Bj@wCzEmA`@uA~A_CnAiCfCoDbAmT~BaCx@]~A[hEm@dFqAzH_FlPcAhBi@MNx@UdBgDnK}BzHg@lCS~B{@zRQvIX|BdA|BfE~Dd@x@pBlBh@pAF~@_@lBy@jCWL]|@}BoEy@_A}C_GcEaGyBeC_@s@Cc@KFyByCmDoFkAqAm@mAoAaB_@OwCwEq@_BcA{AwDeEgG_Fi@mAyBqBcDaB}MyCsCqAuIs@wHwCc@i@_CiAsC{CAL_Ac@YVTeB`@wA~@Rr@eAzCwK`AwBhAiElAeDHu@n@yB|B{Fl@wCZeEAmAj@iI?iDPmBFuCFu@V_A@g@GwBHeDCmJFwBAuGO}D\cJ?uPZaJBuKNsFCsLTgOOcFXeP@kZWnLF`GKlOu@dE_@jFRtH?rFc@zKXz@h@n@Nb@?lHOzDKhK_@dBMvBJtMOxSAb@Yx@OzKJjJCzCu@fOSvBa@bASkA_BuCSkAcAqB]iAyCwFOAAPx@zApAnBlBxD?p@y@jCy@d@A`@XLLdAA_@GJ,2
11,2,Ночной велозаезд через Царицыно до мкада,22494.8,5224,7319,136.3,Ride,10.0,4488868006,61D31768-A038-4C8F-8369-57EB590FFE9E-activity.fit,4796457906,2020-12-18T22:03:02Z,2020-12-19T01:03:02Z,(GMT+03:00) Europe/Moscow,10800.0,"[55.637408, 37.698003]","[55.637476, 37.698065]",,,,55.637408,37.698003,4,3,0,1,0,False,False,False,False,everyone,False,b4930249,False,4796457906,4.306,10.8,110.0,574.6,False,False,False,False,178.9,133.3,3,0,False,22636627,1,a4488868006,wtqrIo{aeFRIGI}BlAPCC~@JNEbADBOi@|@`D`CnCLTD\kCbIoA`Ck@dByAjIOjDk@xB}DdM{B`GaBdFQEFgA`BuEx@oDfAuCp@[f@ZR_@XNXhAj@dAvAf@~@|@zEnBbAt@`FTn@Lj@b@XGnHpA|@XnBpA`B\nD`BtChDjGlFPKb@RjBtBzBtDzDjFnCzC|BlD|AtCtFjHxAxCpBrC`@|@bFfI|@j@^h@rAbDLL|AsFb@}@|@o@LaAK_@u@iAe@Se@s@wAwAqCqDqAsAs@uBSyBFuDx@mJHiEVuDdAoHbAuDrAaDHs@|@yBr@cC\k@vAiFbAcC|EePReBZoAx@_HCgEfDm@vEWp@Wz@F|KcBX]|DkAvCkCfAg@lDmDp@a@~@iAx@iBtAmBv@{ApBwBpCcElBiElD{GlDoIpAgCp@oB|A}CdBmC|@s@~CaEdBgEj@u@b@eAjAqB`BoBb@}@z@g@v@uBx@cAt@yAtAkDnAsBvAuCfBiCl@aBnBuCdAeAhAyCvA}AjAgBv@k@dAUhBqAnCuC~CsCt@eAdBx@vB`DhBtA|Al@BNCWHA|Ap@lArBlB~Et@rDnBpFxClLh@b@\Ql@mCIyBAwF[kA{@{AcBuEs@oClBmBp@aA|@q@vANIYBGzA?\bACKgEk@{BtCGOg@n@y@xA?h@jAnDrBtHf@fABhA[pDc@LSQ]m@QIYq@UGyEoOiBcH]}@wBqBoE_Bo@k@eBeCyAuAe@GeAvAsB~A}FzFgBf@qE|F{@tByC`E{AjCw@`AUj@uApB{BhEMf@oB~Ck@l@qAvCmBhDyAxBaA`A}@fAwBtDs@j@o@pAe@`@{@bDyCxFkE~FqDzJ_EjJ_D`Ea@`AaCxDeF~Di@p@]~@mAnAaBv@gBlCiBbAeCpBwE~AwBd@mGv@gJn@]IQRoNjByIa@kDHKMaAJyHvCgH|EuBPQ`@gAGqEaA{N}DuCyAs@o@cAe@c@Ag@g@mAe@}HyFaCq@uC@OQdB_FtB{KG_AmCqKoAyFKiALwALgPDJI[GaCD{EEoCTuCCcQZiMJaIGeELsHDqQPaGCqPJ}H?wLHeJKzDAxKJjECzD[pJShC[rAPpB@jCSvG?lEObB[`BBjBHp@LVj@fG@tAQfFI~EGdISxBBbDH~AB|DC~KSpBCbBURCRQ~YIpDcA|NI|BUKSa@eAiDu@yA_@f@s@lC\n@XR]F,2
12,2,До совхоза по Шипиловской ,17196.7,4803,7463,116.9,Ride,10.0,4485244851,048F7AA5-E17E-4472-A996-614EE2DC942D-activity.fit,4792621135,2020-12-17T21:45:05Z,2020-12-18T00:45:05Z,(GMT+03:00) Europe/Moscow,10800.0,"[55.637385, 37.698886]","[55.637569, 37.697911]",,,,55.637385,37.698886,0,3,0,1,0,False,False,False,False,everyone,False,b4930249,False,4792621135,3.58,9.0,92.1,442.3,False,False,False,False,178.9,133.3,0,0,False,22636627,1,a4485244851,stqrI_abeF?Sf@qANH~@jE`@x@N`AL\LEV]Ha@l@wGXgHHs@LyEDSVATb@p@bCzAxGHCTq@?Jj@`A`@HBJK\]z@Hl@Cl@o@pCOfJT`@tA`AIr@@PhDrA|AvA`B`AfA`AzDvBrFnB|LtCjBx@dCZl@Gj@g@hDgBfAo@|AiB|AmAhGuAxCBt@b@dEX`GCfHo@^GT[l@@xE{@lBGtAc@xCE`IsAlCu@vCeBR[xC_CxCsDxAeA`AaBtC{CpAcBdAoBnAeBrDoHrCeGfBuEv@aBjFaJr@}An@y@dAcCjDqEjAeCj@g@?Sh@q@dDgGnAuAzDuGjAaCdByBnFuKxAkBnAsBd@cAVaAbAkBxBcC|CyA|BkB`CkC~C{Cn@PrArAhAjBFf@f@BtAx@jD|@`AhAhBxFTlAfAlCjA|E|AdEdAtDZv@ZJ\Ul@aDHiDAc@KmA}@aF_BgG_AaBAQn@yAxBmAZg@JGET\jBKRFLQCF@J[QgC_@f@mAhA{@`A_@r@U\@vAFb@|@dClA`DjA|EKfDi@`CCr@_@_@k@iAuBcGe@kBy@}BsDeMa@w@i@u@}@u@wBc@{@a@gAcAmBuCsAyAMKUHi@tA]h@}AhA}@hAuCnB{@dA_ATo@`@eEvFkC`FmDvH]Li@f@aAnA_B`Cw@vAs@dB{@hAeBfD{@dAsBtD{BbDg@hAkDpFa@^{AzCsBtCwAxCq@dAyA|Ao@fA}@zBy@xCoC~GgBhDiCrD_B|CoDpEwBf@mAv@m@tAk@p@gAj@]`@o@D}@r@[jAiBlCy@v@cCrA_E~@oDRoDj@sGj@iAZmBBaF|@{EXiDY}CB}BWiCHk@LqBdAgFfEcB`AkA~@_@?cAf@uAOe@TUGUb@iB_AqG{AaBOmCw@o@?YSYN]hAw@~AmAr@cEyBU]g@iBSYuACWK]_@g@cCg@i@eAOUXSlDDnA?|FQxESlAa@lAqAjCkA`A{AZ}Ar@cAUwCsAQRcA_As@hA_Az@]@e@SF?}B}BSc@[oAcAmAg@eAq@eAjB{IFaAAcAR_@`@STs@^g@^kA@e@\qBVm@X]He@f@kAz@wCJm@?MSK[g@k@UmB_Bg@Y]k@Ey@J}@tBgIx@{BVkALIj@V~@hBVVl@dA~AzDCp@{A~D?XRl@,2
13,2,По Орехово,12109.4,3647,10608,87.4,Ride,10.0,4477419588,49018F52-91F6-48F0-8F0E-EA60965AE2AC-activity.fit,4784378787,2020-12-15T21:11:12Z,2020-12-16T00:11:12Z,(GMT+03:00) Europe/Moscow,10800.0,"[55.638005, 37.698393]","[55.637121, 37.698164]",,,,55.638005,37.698393,0,2,0,1,0,False,False,False,False,everyone,False,b4930249,False,4784378787,3.32,6.8,94.9,346.1,False,False,False,False,181.3,134.2,0,0,False,22636627,1,a4477419588,oxqrI}}aeFJINJ@ICKSH`@s@TQd@sAj@w@RXN?Xh@`@tAXl@^vANdAVRHCNg@P_CL{E^qFJcEJ{AFMTBXt@l@hC\bAl@rCVn@B\EPCCDAFgAHLDC`@^XBVOrAgDfAcBbAcCd@}@XO`CqCx@s@Pe@`DqEE@d@[rA_Bp@aAl@q@Vm@xByBr@_AbAaB\W|@mAjAqAhAu@v@W`@Y~@Wx@At@a@~AUx@i@tB}@\@DHm@VIRF_@l@YLCVg@^[|Ak@l@MvA}@lAEDQt@a@n@EJUb@GfAq@bA_@l@EHQZQTFn@OxAiAlBw@BHEOBRdDoAhAXt@Wb@s@^WnDqAbCeBb@SjAQn@YdBIbAaAfEyBp@i@jA_@XO@I`Ae@fB]BKTSzAy@nCeAt@@|@e@`AEd@YrAUlD{Ad@IdG_DD?NVlAg@v@?PQ|@_@tAqArBeA`Ba@p@a@rDeA|B_AJKP_AHSfAu@L@p@dERdCl@vCDbAPtBVxARfBJ~AN`@XtADp@b@jC|@xHZnAd@z@uBnDcCxBeA|AwAhCsBvBa@v@}@zBa@n@AR]l@WdAIL[XcAVQRMp@m@bAk@rAeC`EMt@qBbGoAxCkBxD{@rByBdAQRUlAw@hBBv@oAlBw@zAiAx@]@iBx@s@HKNC\c@j@gBj@aB~@YFOL_@d@{@VyBzAq@v@EZg@z@g@b@Ap@a@\uDx@iABeEl@oCRcBZo@AgATc@As@X{AMm@XiCp@kCXmAZmDWcBDcBOkEE{Bj@{@p@qDjBeDpBkBx@y@Pa@?a@b@W?ARMHiA]}@i@oACuAm@m@EyCs@{Ai@uAS_@Ji@dBiA|AUd@QD_@_@a@OQSWAWS]Bc@]o@iA[kAUYw@FQIo@uAWyBQa@YIo@Va@IOPQfA@zCMbF]bIeAzCw@~As@n@[Jw@@sBt@k@\]KyAkA{@OWYSm@]Zi@rAe@r@{BaBUWQHe@o@I[_@s@AM[c@IQo@{BKYMGQq@MUI}@?k@@WNa@Hg@Cw@Ii@BI?mAJk@\yAbAeBxBwG|@}BLo@b@_AJo@PUfA_DTkB@qA^s@Hc@TSb@_B@WI_@[gAGEKRBL`@`AVv@f@bAUnAg@lBRLHRb@Z,2
14,2,Дневная прогулка вдоль Бульварного кольца,17970.4,13139,26884,139.7,Walk,,4421709717,B7D9A957-4A6C-4A9F-BF23-EC5A9E9F4BD7-activity.fit,4725650367,2020-12-02T11:32:00Z,2020-12-02T14:32:00Z,(GMT+03:00) Europe/Moscow,10800.0,"[55.749232, 37.624779]","[55.731382, 37.636071]",,,,55.749232,37.624779,0,3,0,1,0,False,False,False,False,everyone,False,,False,4725650367,1.368,6.1,,,,False,False,False,166.2,126.7,0,8,False,22636627,1,a4421709717,uogsIyqsdFqIr@kGP[x@_@Is@r@}B|Ea@Vg@U]`@Ev@[zAwC~Bk@xAStA|A{EXcCx@_CW`@P@@\Or@As@s@JVLGNDYm@YPe@TF@g@RpCb@S?f@Ag@OLQOPJu@fCeAl@kBbCh@h@LzCj@^Pa@hBgFZECu@`A{AiC|CqAfE@`BpA|E_EfIlAnCt@dC`DvAbH~D^EzFjC~CbCl@aCn@ThApAh@LOl@^c@\ZQnF^o@nAq@RIBrApCuCf@EzArAIn@@`Au@LeAKkBpAq@nDWbEWHa@fAGnAaAzCOfBeAzCw@bAa@jHoBjFKz@PdIQ|BqCI}@RmAe@m@b@wC{AFtA@a@cCHiCz@cAGMf@o@e@uF~EoC|AeA?qBcCm@wAc@GcAwB{AwAQu@}AK}@wAq@]qBkCe@Iu@mAmIiGJg@Gc@iBcCo@}AmAi@qAwA{DwNaBkDuG_U}@gCT}Kt@gH~@qO?yBjAwER{Fd@_DFuIIaBVcCQqBj@aFSu@VgKGcBLCMcA^cHCsCXuBn@iHj@uA\Sv@mDXKBsArAuAbCiHdAsB^XW{@Hm@xBiEhA{@`AyBv@oAp@[d@y@dBq@VmAfAk@Zk@`CiBrA_@VyAhB{Ab@\zBeAp@kAjBoAlAiDKdCAeAfAMhAwAdAa@zCx@~AnBd@GXp@xC?t@^@r@rBr@h@fAtCdBfAdBHzBR^r@jH}@xAEb@gAv@uB~DwE|EYdBu@dA}@zEkBfBv@@a@a@DV@o@Lk@JH]tDE_@Gd@Fq@cA_Bo@wBoAwHOGcAb@s@w@y@r@sEKgAlCsAd@Wd@]SyA~AgB`E_HtKwAfFxA|DiAzBzBtCApAVbAKp@iB`FQxCmAvBOv@mAk@Jn@ITq@gAi@rC?Zb@j@SCEYtBkAAr@WIFTCa@DXrH{UVSSDNeAnA`@fBm@XmAl@u@fBmEdAmAnAQLg@GqAjCiA`C}Bh@Mt@}@S?C]dDs@~B}D_@mBPUNt@VMTbC~@bDlApKx@nAZpFf@~C|@h@h@lBI`@`@~HWvPbA~I\h@hD\`MiAvDZfG}@F\zCi@VmAfEkCpDK~BfBzDEhEh@^{BM@LAWkDb@uJjBMvE~@pAI}@wFDeBzH{CpE{CbCm@hAcB@g@`Ay@b@u@Jy@jAyApDaAtB_C|EeBtA{D,2
15,2,Вечерний велозаезд по набережной,13916.3,5157,16556,120.9,Ride,10.0,4304206352,624A09FB-B985-44A7-A142-8B2CB5979B01-activity.fit,4601188032,2020-11-07T15:59:02Z,2020-11-07T18:59:02Z,(GMT+03:00) Europe/Moscow,10800.0,"[55.731044, 37.635825]","[55.637384, 37.697602]",,,,55.731044,37.635825,1,4,0,1,0,False,False,False,False,everyone,False,b4930249,False,4601188032,2.699,8.6,115.4,595.2,False,False,False,False,170.9,126.7,0,0,False,22636627,1,a4304206352,_~csI{vudFEDo@s@Y@b@p@|@N`BmBdBUc@A@PEK^|BItAFRAnAv@xBAvBTfBFbAGDEwB\Jd@KDVYNK_@[NAnAQ|CP|BTf@VjA^zEFtDRzABzBXdB}@\qAlCFlBTh@AWKOqBRkGw@g@{@m@g@k@mAiAy@iBu@gEk@e@[iB@d@jH?nAECGZNhAFdCIf@[POIyDp@kA]y@LsDQkCa@}CC{@U{B@uBIa@Ew@m@o@n@[BuFkAqBh@{@S_ARqHr@{AWcAgAoFh@eC[_BJoBj@mTdAMKMv@OReB~AWb@cAZY`Ca@^a@mCsCaKSqAmBcIsAiGU}A_@eAo@kAUUGF?[Sq@cBqCe@oAo@Ji@`AWL[Uy@DgAqAUq@mAy@Q]yChBqB~@ISMiBZNFzBe@N]~A}AnBBH_@p@o@vBAn@Wp@Ux@@RKFP@GPEu@@ROMM@GRe@RK|AD`@NFh@r@Lt@[`CHhCWlDEjBQ~@Hf@C|B_@WGo@@m@JKFeAQoCJwBDOJ@z@sBrePwfFx@_B~Dr@`F`@tIfBx@X^z@`@ZjDx@VEfDvBf@?h@Tb@\n@fAnBhAXh@pArAnBnAzFvFpBpARZt@D\^`BJ~@d@L|@j@p@~DjDlEvCfBh@xJ`BjFf@vAI|EmCpByBh@aAfE}JfBaDdCoFl@u@t@gBx@_C@]aCmC}@oA`AvB^Fb@v@XPb@Bn@m@f@aCd@sDt@qBl@kAX\JC`FaQd@wB~@{BXaBx@{BReAxBoGlF}Q`@iBh@wANeBt@}Cb@kAHw@p@oCTa@L}@b@YRa@ZkBxAoF~@iCvAwGVm@FDOMNQb@uAl@yCOwAh@eAt@}C\k@r@oCxA}Dr@{Dd@u@Yg@SBCQ?e@d@qAKu@y@wCm@cAa@kBBc@l@cCjAgDPaBb@q@bCgH`@yB`@uATQTm@p@iCbBlCp@P~@`Af@X?TISDSUe@eAm@LIX_AVm@PCFWh@Zh@EFcB[aDg@mAu@iDMx@m@dBb@bA\@Ik@ARRZ]q@eA_@BYI]P?DSSv@JgAKr@@PEKGl@B\BMJ?Fq@A`@v@bBCLN@Ac@CIUpE?pCNbAt@bAGd@LUEW}AmBK@~@lAVABQGcA@k@TwAAc@I]m@SMi@KOCNHK,2
16,2,Ночной велозаезд по центру,4766.1,1255,2516,21.6,Ride,10.0,4291143479,0DFCEB0C-5467-4243-AF58-A0A34BC14280-activity.fit,4590141840,2020-11-05T18:43:35Z,2020-11-05T21:43:35Z,(GMT+03:00) Europe/Moscow,10800.0,"[55.752074, 37.585337]","[55.74232, 37.629079]",,,,55.752074,37.585337,2,2,0,1,0,False,False,False,False,everyone,False,b4930249,False,4590141840,3.798,10.3,111.5,140.0,False,False,False,False,150.3,125.5,0,0,False,22636627,1,a4291143479,mahsIi{kdF]W}AII{AAqBKiCCcAD_CFcAFg@MoCDw@@yAFeB?{CCqABwB?cCKeCHgBC{CPe@?CBEAKPKDGm@Vd@v@EDRXACe@b@@XC?ABDEG?CCKCK?GDrBUCGHUACTPBFBABK?BESIQCDGCABBCAAA@@CAB?i@Di@GSC[AAGTGF{Bc@Or@@CEUbCf@GDJVGJIHMb@DnAFf@@EB?DMB_AMc@MgAYeAEq@]sBKuAF_DBUC}@AeAU}CKaDGOAASFEJ@DAAGH@PFHDCFl@lC{BKCAPEL@HLM^SDAT@RA^PdAT\D^JZNF@DCDIFWB_@C{FFoADUEAGQ?KLa@DW@cANyBNYTq@PeAl@kCFk@f@mBj@mCNoAZoATaBVmClAgEp@aDFS^w@JMh@[tAkArBoA`Au@VU^U`AaAhAw@z@q@TMdAYjAs@f@m@^_@`@]f@QJG\]Zc@VQFEJC^Wn@q@r@c@dAUHIHQ@WIcASi@GB@IAHD@FI@K?Kg@gCe@gASk@[i@Sk@sAeCe@mAOu@E]_@sAOYm@gBKOEMGCMU[wAY}@o@iC[y@[{AKcBWkBEKGq@EOKsABUAWI[KmAMu@Cc@GY?]?SJSHCZa@TU^MdAw@b@q@VWDOR[n@w@VUb@QNCP?NGNCN?FFV@b@UZIn@ILGFKZANGb@?PI`@GJ?@DGCDCG]ECKYAu@BL,2
17,2,Ночной велозаезд от Коломенской,5611.2,1628,2513,34.3,Ride,10.0,4243712151,739D96E7-8C7D-4705-A975-52B1394BF08D-activity.fit,4539819485,2020-10-25T19:27:24Z,2020-10-25T22:27:24Z,(GMT+03:00) Europe/Moscow,10800.0,"[55.663934, 37.657555]","[55.636001, 37.697378]",,,,55.663934,37.657555,0,3,0,1,0,False,False,False,False,everyone,False,b4930249,False,4539819485,3.447,7.0,106.6,173.6,False,False,False,False,170.9,141.2,0,0,False,22636627,1,a4243712151,qzvrIu~ydFlBUJJj@XPAJLNJLPJDh@h@FBL?`@Zb@Rv@v@RLNP?HpBbAhBvAd@b@bAb@fAz@l@ZXVtAb@`@BrARL@f@Lt@Fl@J`@@nAVTBRFJFRFv@H\Fl@@j@FN?`@K~As@h@]VM~@m@TK`@Yj@u@p@kAz@gBVi@`@oA~@eBh@uAh@kAFETc@Zq@Tu@DINKRWf@_AVk@`@q@HYt@{AFUx@}A@UCWc@a@c@w@WOy@aACE?ICBCFARr@|@TJNPVLX\VJL@LIr@iBNq@DYBYGc@@K`@cBDa@FQj@wADAFUNQDCD@TRDADEDGLs@`@yAd@_Br@oBNy@Rg@n@wAb@cBPe@^sAZ{@j@yCXmAPa@Hi@^qAF_@t@qALu@Ru@Pu@Ru@Ti@Hc@Na@Hm@j@mBRiAJ[Re@\cA\yAb@oANw@f@yAVcAhA_FtAuER]FQv@aDRg@Rs@j@mCB]Os@?K@W^sAx@{B`AoDXy@DWFADOLk@Jw@JYFi@`@cBNe@f@kBJOp@kC`AsCh@gANc@T{@Hs@FQJO\UAYCGKEWCGQCK?[BYFYJ_@B_@?We@y@i@qAE_@H_AHW@DBKXPHQBMAIEb@Sn@MYC?IEUa@EU?_@fAeEN_AHeATyAv@eCNaAr@cBTaAz@oCNo@\cAD_@AWVe@LEJi@HCp@`AVNJBTA@DHLHBJRxApBFZCTAE@GTWEP?FC?@@GHCEFOAC?@ACEAWSGAIKSGE_@GuAHuB@y@DQFMJGJMJQJ?dCj@I?DDEDAOBK?BE??DC[KD@@AC?FAI?@CB@?Wa@|Ax@EKWEGE?EIM?GO[c@BW]Fk@t@_@t@NBUjBpBFO_A~ABKD@?AAB,2
18,2,Ночной велозаезд от метро,4290.2,1448,1722,23.2,Ride,10.0,4230188991,E4F23F32-FBEC-417B-90F0-C323E14AD370-activity.fit,4525531526,2020-10-22T19:37:20Z,2020-10-22T22:37:20Z,(GMT+03:00) Europe/Moscow,10800.0,"[55.6558, 37.65121]","[55.637201, 37.69804]",,,,55.6558,37.65121,0,3,0,1,0,False,False,False,False,everyone,False,b4930249,False,4525531526,2.963,5.5,86.8,125.7,False,False,False,False,170.8,142.1,0,0,False,22636627,1,a4230188991,wgurIawxdFBIEK@i@FoA?]X{DEiAOmA@AANHIJAFBJHRA`@OPMLMxC{A\g@p@k@p@iAv@iAN]Le@p@gAPc@\i@\{@d@i@NY\cAZe@DOrAgCpBmFh@cATY^y@BQHWCQIKIE_@o@Ia@C?EKMKAEC??D@EGGHj@PVRLDJNHDHZJFCLY?ITg@JMLe@HQN}@By@b@uAJa@De@Ti@Ha@TY@?BWHCFFN?HAPu@f@aA~@qDj@iClA}DTeAbA}Bd@eBjAcE`@eAPYTw@JWHUPiAb@sBr@_CViAp@mB?QR_@j@wBlAsDb@iBPqABA@Bj@oBN[L}@XsABIHE?AGD\{@^yAx@eBXmAl@sDT_AJWTgA@MG[?[h@qBNWRi@Ts@Ns@Tg@Rw@Da@DQDYJNDADCPsAJsADU^gA`@sBl@gA^yAP}@Ti@Pu@LQDUZk@\{@RyADQBWFWNUVQFO?IGWGEMHCCCGAUBgATiA@e@AImBkDu@_BFo@L_@VwAj@eAJo@HQDSBc@Lq@Pa@TkA^_APw@\a@J]Xo@R_BZuAFO\_@Rc@HWRYDm@PcA\FPPTv@JFHNVDLHx@~@PZDBVF@LLHFGK]KO?KEIOAGMEQGGMWG@Ks@EKBIB]NWH}AJo@Pe@Jq@LO@K,2
19,2,Ночной велозаезд от Нижних котлов очень холодно домой,7936.6,1560,1571,50.8,Ride,10.0,4214022705,FB70A1A3-2D18-4064-9700-8A6F2543DB1E-activity.fit,4508386068,2020-10-18T22:59:21Z,2020-10-19T01:59:21Z,(GMT+03:00) Europe/Moscow,10800.0,"[55.681661, 37.621986]","[55.637559, 37.69799]",,,,55.681661,37.621986,3,1,0,1,0,False,False,False,False,everyone,False,b4930249,False,4508386068,5.088,9.2,145.3,226.6,False,False,False,False,176.1,141.0,0,0,False,22636627,1,a4214022705,kizrIk`sdFLFFABy@[}@MsDECH[@KCUQy@Ea@b@y@l@?NMFQj@OVFRGZ@`@O^ErA[HATKXGPITAZE`@CVKL?h@MNO`@Mb@YV]LGn@H\C^Ip@Ul@W\CNC^Qd@KRMhA[h@YVEb@U\Kj@WJ@FDN?LILUp@u@\O`A[ZCn@Ox@EP@NAv@K\?l@HjABb@E`@Kr@ADBAz@Db@JXFBH@^KZUh@QZKd@EfAg@n@Id@QPMNCj@[Xa@ZKLCP?FGDDDAPKLOTFh@ORC|Bs@j@O^Ov@MX@TI`AOl@Sp@]NC~Ak@nAa@l@YTA`@Oz@e@j@g@v@g@XUj@q@RQb@u@hAyBfA}Ah@sANSRc@`@uA\uAjAeD^qAT_@Na@h@iA~@qCLS^gAtBqGv@oBp@qBn@wAj@yBn@sAr@yBX_AXk@^kAbAqCZgAt@wBrAgEdAkCl@}Bb@kAb@}@Z{@Zi@Dm@Zi@Ro@j@eBTaAn@kBf@oAd@aB|@_C`@}@X{@pAwC\aAf@iA^iAtB_HTaA`@aAJs@Ri@H_@d@sAPq@XwAfAkDl@}Bp@mB^yATq@v@mBVw@fEuPp@wB\oAd@eAn@uBPWd@wAz@}Cr@uCV}@rAwFdA{CVy@n@oBh@wBLu@d@gBt@wBr@uAn@mCVe@No@ZwBFOPaAZaAFi@Lk@Ri@|@cD\oBh@gB`@eBx@sCVgAf@gBXw@Js@Pk@~@{BTm@|@oDd@{A\sAbAqCz@yD`AkCr@yCn@kBl@{Bn@aB^{AJWTYF@LPB`@Kl@g@hB[d@OFSUYU_AoA[o@sA}Bk@mA}@oA_@c@EWRk@Ny@DKd@_AV[P_@T{ADa@P}@RcBLm@DICGf@_AF_@V}@Jy@LWVmATe@Z}@`@o@Re@\gAXgB\uA\y@JSDGDABMJ?DDNd@BD?CCHDJAJDM,2
20,2,Вечерний велозаезд от вокзала,6975.6,1524,1848,55.6,Ride,10.0,4212500962,2A2657AB-4CCE-4EFD-883A-ABE2FBEAFA1F-activity.fit,4506767659,2020-10-18T15:21:16Z,2020-10-18T18:21:16Z,(GMT+03:00) Europe/Moscow,10800.0,"[44.21211, 43.143205]","[44.217406, 43.087869]",,,,44.21211,43.143205,0,0,0,1,0,False,False,False,True,only_me,False,b4930249,False,4506767659,4.577,8.3,154.8,235.9,False,False,False,False,340.0,300.6,0,0,False,22636627,1,a4212500962,udzlG_lifGk@IB?YV@@ILOj@C\OP@VGXUf@W`A^PDHNFBA@BNCAJFBAj@UpAAPG\ARBTVZl@ZD^@EAHBh@LVjAl@FFAFSr@]bAOx@_@hAC^ET]hAEZWr@G^IT?J]z@Ol@Uj@OVIf@m@fBKh@M|@w@hCER?JUx@c@tBQp@qA~DQlAQr@c@~@[bASd@[`ACNM`@CVS|@Y`AQpAU`Am@~Bm@dBCXYvAQXI\Sf@[tAM^kAtEsAjEo@rCW|Aa@~AYx@Qp@?HGJSr@GHGGIRFH\V|AjBhAj@jBxA`@RDFTPvAp@`BvAz@f@l@Z|Az@n@d@PFt@b@ZZbAf@VNp@Rz@p@fBx@r@`@fC~A~@r@l@X~AfA|@f@dAp@d@RFHfBhAp@ZbAz@DHRPPNRD~@f@TR|Ar@r@d@NFH?PFbClBZd@|@X^R^Z\b@ZFxAf@t@`@n@j@f@VH?FDh@d@FBFAf@XDF\LTPZHHPBPKj@_@|Aa@nAg@jBkBlGeBlHOT_A|Da@`A_@nBwBhH[pAcCtLq@tDg@~De@pC_@tCm@pFa@xEo@fGKp@Gz@]hCc@nCOn@i@|A_@p@[h@{AxAk@ZcA`@{AXy@V}@Ps@LOACD?DUL}AVm@PcAHe@?YEWIeBoAgAq@m@s@y@s@i@m@i@i@MQi@_@i@i@qAu@K@GBMRKb@u@`BUl@[XKNKVEBQj@GDI@SGGJBBEIE@CD?FC?@@@ECRGL@O,2
21,2,Кисловодский парк по городу,35853.0,13968,32562,910.0,Ride,10.0,4211796706,08A497D6-1035-4747-85F1-F95CB30F33AB-activity.fit,4506026102,2020-10-18T05:04:19Z,2020-10-18T08:04:19Z,(GMT+03:00) Europe/Moscow,10800.0,"[43.90103, 42.726912]","[43.929712, 42.725852]",,,,43.90103,42.726912,5,4,0,1,0,False,False,False,False,everyone,False,b4930249,False,4506026102,2.567,16.0,143.3,2001.0,False,False,False,False,1403.0,789.1,1,0,False,22636627,1,a4211796706,ml}jGebxcG]v@?yCvAuIK{ArAkI`AoDl@TbBdDhA\rFkDvAsDvCkBIaDnCqCvDmJl@sOyBoLt@sD?sNSyFk@aASeC_FyDuAr@wBbQkAnBiBsDoBd@k@mBqEiCkAqCViDzAlA|A[sAmCOqBnB`Av@{@f@Nm@GuAeC?wA_@Kx@h@cBwWfCqIyAx@l@wByAj@?_Ad@Fk@eDlAx@Nv@LwBvEoKtOgAQ}H\kCfAI{@HKu@n@aELaHhAyCrRaHnL_GrM`@~E{DbCbB`DxAbA@sCOfADcDuAgCcCsAyHb@_G|EeLnBd@lC{E~CsB~L}DpAHbBsAKuCjBkNtBcFCe@kFeFgB?G_C`BaHaAdDaCpC]|D{CjG_DoCmB[Vo@WcGiCqE_BmJX_Sm@KiBtBoAGaA_C[_EmAkA}@Rq@pAn@`DbA`As@J`@G^DOXRY{AkAg@mDf@kAlBSh@v@^nE~@dCnAN|AsBz@@]|Ox@vIhDlIFfHPq@hCzBbDlK|A}@|DiFfE_@zAk@qBpEmBxMZjEUiBHdAqAvAuBE}P~GoCfFuAa@cAbA{DhJk@fFjA|IzCfCdFvAqEs@}@aBuBi@gEzD{Es@wFJsQhIoLfCgApBe@dMiAjJDlHmHrAwDq@eA`AgDxIuBx@PxBg@VLlAj@P`A_As@tBv@mB}BlKB`DtA|IErE^?g@pAjA`CW~AuA}@JjBn@TWz@`@GYhAlCqCr@yBYwHkBmPvDcKOw@NxA\?|@iC?vChAjDdE`D~Aa@fFgFrAaFAwC`@_Hf@kGjC{JWcEzAz@fEgHp@QMtE`ArMzDmBDbChAdF~@fClBnLXtHy@hLcAlCzCmCMxAwA`DoDhACmGf@kEk@}C@kJy@sFoAaFmEsGwBn@e@`DPjD]zHsBzSo@zCmCtEoBzOkAl@ClBlAdCh@|E_@tW`B`J@lNsIjRgKxPoCGkCeFk@j@Y~BVuAsCsAaF|[gJiCqF]iE}FcBgA_@Rv@ZFqB\TXk@Gj@aCuAwEu@gRkJo@XaAzFwAdD\VoAvFoCzDlDmDh@sGxC}KtZnPfHrIxBf@rDi@|L~DRXHjD_@{AZp@_@eA^Oo@g@mFrAfCKp@Gg@q@XKPb@g@Pn@Ad@bCn@Kx@pEpAlC@hDqBlNNj@[y@WvBmHpBjGsBd@CA~@A}BkFjApCOkCDZUP_Ao@Xt@@?o@yDdDwAp@iC{@gNjAeLGaKaDqQoCqu@oQ_APm@oAoA[if@iD,2
22,2,До Кичи-Балыка от Кисловодска,57491.2,18327,29081,1468.9,Ride,10.0,4207122491,AD9E4E20-4956-4270-BA27-854B1ADE1B10-activity.fit,4501060722,2020-10-17T07:32:56Z,2020-10-17T10:32:56Z,(GMT+03:00) Europe/Moscow,10800.0,"[43.89404, 42.709859]","[43.901321, 42.726316]",,,,43.89404,42.709859,0,4,0,1,0,False,False,False,False,everyone,False,b4930249,False,4501060722,3.137,20.8,159.7,2926.1,False,False,False,False,1917.9,820.7,0,0,False,22636627,1,a4207122491,w`|jGqwtcGdBjCvAxEBdF|@xBtB|CbLrEjGpMiK|MlIaIxAjEr@fHtArEdKlJlCfAhBfCpCnXb@[~@nIfSxi@`DtOpLlStUn[nDvKXnJhPzC~K|HfBfEzBlAfCfKlAbBhBZbDaC~@BlE`OdDdHnBrKUhJoExRAeIQu@g@ZwBlSnCvTbEpQiApDs@@h@\dByDtAlEpArAzDm@bIdO_C@NpKQzT}Bng@NnCfFjPhKvLfHzLpC~BbNlEdA`CnA`KBzGtCzMdD`E`EzI`JvLvCrClBjLDbHjC|Tf@jRt@xBnDf@nBjElA~HTdG|C`OVtEUfF}B`Cg@rBd@rIZnc@_@bHlAf@lBtN\bI`CjKr@xK~JbKbJzF~BbH`HfEzHl@fByEbFa@~Lf@fRhExHMrEpAvRkAlJrBrNzKdW~L|PnOjHdBrIbGvIpBpF`DjHNn@qEhKkHrDiPpG_PdA{FOoNlCqQSqGsB}NiDoKyI{f@uBuDqBi@}@cCcFuPcBkJ_K}WaLgc@iGqX`@aKLo@j@ZxC|C`AU\kALyBmCoUjBgWhDaQm@wAzAyA~EuX`LaRtHiS`CcNxDkN~@uMnAeF|BmChEcAhCiGfAYz@T|AcC|B}ItByDbDaQtK{YbB_PlB}Ah@cD`MiDzJnA`CsAjF_@qFgDgBeDaJuD_XkAuB\n@Sq@@W}EyIsNU{HoJuImYcAqD_EcOeBmA{BSoBUj@]k@kFyLgGu@FiJwCyNqHcJyTqEoIpDeC~MmCb@}Em@iHyMqLuP_E{KyCaAuCnE}Bu@aAb@f@{BKmDrA}B_I{OkLgHiEqJ}DeNaCcA_AToMtLoBdDsCr@uEwUqAeDqJmJgO_EgDaPwE{H{C}B}KwCuItAmZeLyYwH{OwJe^uXeVqHoH@gEiKaATcCrGqGV_AmAAgEeDgDsQqIsEo@eLHiCvCcBfFuDgVuCqIiBoB{E@wD|EkGwDwJcDwIe@aRuG_NcBU}GsBx@sG{@hDeG`Eq@uEe@gFwEEkAtBiIEeFqAkDaHaNi@_@r@}Bx@lDhA|@vAIzBgBx@wFg@n@qDqJdD_IYqE}B}F|AyHfBaDP}NaAmJFkWYyCgAwBHwAw@iArAxFEt[fBrYeQj`@nD{IlFkIQ`IfAdH{CnFfCpIv@tG[|@qBTmAk@}@oBu@dDl@xEtHdOEvDcB|Ft@xHIdCSjAuBdBaMxAqGnFGp@tHx@jEzGdDC`C|@|C~CH~BfCjEb@~C@eD{BkDEwB_EmE{F?mCyBcDsFeMc@GiDw@M\SN}G{@wEzAuD_AiFl@wCb@wAVyEwAiC_BoE,2
23,2,Кисловодский парк по горкам,36753.1,15243,34991,989.5,Ride,10.0,4203279409,15911699-20BB-4107-95B1-F7833CEBE14B-activity.fit,4496997697,2020-10-16T08:22:32Z,2020-10-16T11:22:32Z,(GMT+03:00) Europe/Moscow,10800.0,"[43.901119, 42.726489]","[43.901178, 42.726425]",,,,43.901119,42.726489,4,4,0,1,0,False,False,False,False,everyone,False,b4930249,False,4496997697,2.411,11.7,141.1,2151.2,False,False,False,False,1403.0,815.5,3,0,False,22636627,1,a4203279409,}l}jGo_xcGy@fBx@sA[aA~ClJuAnRb@nA_@vCq@z@fAzCWlMe@t@kDUeDp@Pq@e@qAX`CpD[zGxAtBKrFeEbE@n@gAzKqEIqD^kCeAkEtBsIc@wFeJoPb@aFe@oB}BvBw@zEi@b@q@mC`@kGx@qC|AiP~C{B`AnA~@DoC}DaBtAeBjCe@i@KmCeDoD[yBhA_HrFiA`ADp@dA|A]aG{@_E`A]g@E_QdBhCC_CjDu@a@e@{C|@o@y@GwEd@Ik@{BvAwMnAWx@eB`BcQtFzAlAdE`@bQe@rJfBtNyGg@cHf@Uv@jIfC`@mDnA^_@`ChEx@q@jEiLpUdAu@dB_FtB}AlBkFjDsFzOl@lDa@jIiGnGxFzE[nBzAsAmBwDMeJuEmIdGqTGkB`ATaLeBcJ\sAe@aGA_Tq@qDeDkC}BCgCdQ{BdCwDyEy@D_EcDiBmGfFSoAmBWuBjFQKo@k@h@sAqCCsK_AuIRcDlBwGmAtATwAeAVEcCl@f@w@sCbAPd@nAHeClFuKdNqAJgHxAkOEsDlAeDj_@{MdGg@vFj@vDwDhBTZfAnFpBiCa@`AH_DmA}C}CkAkIt@oF|DaKtCHfCeF~T}GlAgAQiC`BwMjCaHmD{BeAqBkBBG{BhBkHeAzC{BpC_@rDoDpIYBkBkEuBc@HgGeDoGkAuGIeHd@mKy@MkBpBoAKaB}HcAkAmA^]hA|@rD|@fAFGeAN`@I[Lv@w@Un@{@uAk@aDr@_BlBEx@jC?bC|@rB`BFzAoBr@J]tPd@lGtA`FfBpCv@bH~ArAnDdKeClIoLxS{C|BgEhLEbG`AjFr@t@{CjAmCvC[fIuDhSl@nA_@nFy@hCv@bBu@pFQbJV~Fo@lDPdCo@rE}BxEzC}CEd@yBtFeDhAaEfFaDhIDdAUSJkGrBoFBkTc@uGmCaDkA|ByCbScCxDwBhOmBhChBhINfLo@jL~BfYoBjDoAtENlAq@~EjBjFPvBwCdAq@zAx@vDbCbDp@nHa@lAcAFoDmC_AvBA|DlItNj@vEeCkJyEqGY{CVoH{AP_DdHY?e@mCt@yBKoDd@u@tCuTpCoDDgAjDeFtAqEeJ~QiInLqBTgDgEw@z@iD`]Oj@UDnBxH_CoFp@I~@lRoAeTo@\j@Ka@gBkAi@fBbBY~@\bBlCjEKfIeAzDs@vKaApAmDz@yBtGQjDv@fDJkCG~Bd@QDqDX|BlFFAqAxAAWBp@kCa@bB`@\YJWyBIaHa@wAxAsFM{B~@oPeEaLf@x@,2
24,2,Кисловодский парк,31757.9,12416,27051,810.9,Ride,10.0,4199186607,F3CE7957-40E0-45D5-BC9B-7C94C8BEFD46-activity.fit,4492656229,2020-10-15T09:47:45Z,2020-10-15T12:47:45Z,(GMT+03:00) Europe/Moscow,10800.0,"[43.901309, 42.720652]","[43.901488, 42.72683]",,,,43.901309,42.720652,0,3,0,1,0,False,False,False,False,everyone,False,b4930249,False,4492656229,2.558,13.7,136.9,1699.2,False,False,False,False,1304.2,815.5,0,0,False,22636627,1,a4199186607,cn}jGa{vcGz@o@H|@Mo@Fn@e@|@sAdAiCBk@n@eBjH?hGd@c@fKLp@aBnEJrAx@fCaABgAvDMZu@Rl@Kk@cA|@uBOkDpB_AAI~AcBf@oAImAaBkKPSwBCtB`@?GgAFtAzIGp@g@CiKU}By@oA`BkDWcDrAePiDyJAsBc@zBm@DwF~FbIoI@t@?_@u@lAMlB[_@mAc@yGzCYFpAp@[m@b@GgEtA]v@`@YYiA{@h@fACdQuJ?a@P^X{@nBh@}AiABgClAgDA}EtBkLl@nAhCnB~GaDfDyIhEmGtAmEbBkCFoAA_N}AcINkCFcTgAsGOcCmEyBgAVe@dBI`BOhGeBhEV`@aAPkD}Dy@HaEwDyAoDOwBVy@\f@zBg@{@}Ex@fAnBgAd@X{@@A}@gAwALgCo@o@`@ULwAsAsNvBsKqAxAx@aCeAnAYk@GeBl@t@y@_D`Bv@x@wDvDyHlOo@DiB]_A`@aHz@Fu@e@j@_CDqMbBoCzE_CbHmCvQ_OYmBqFyB{CmDq@aF\mBv@]~GXxGyChEcEfCjFuAjEzD`XjAZb@x@m@dBbB{@vBdA{@MhCNcFkA}@}AcBYcGpGCfEsBzOqAjDf@`Ec@xBg@~Df@x@qAxPp@rHo@|CDfDy@lEeBpEjCgCiBjFqDxB~@ZxDgAuDpA_AMPsK}@}HEsEd@sDm@yEiBgFyCyEaAo@}@f@_@dAd@hGWfHwDjYuCxFwAdIkCtFpBhJFtQNlHtAhMSnFRnCz@_AnAGtOj@fE}AdGiEvG`GbHOtCpDJnCkA_@mDuDkDgAg@{@m@nAYQqCbGu@Hc@s@h@qCq@gAuAe@oHxAaEoAwJB_Br@cD`HeK~OkAxDvK{Rc@|GnBzDRrB]z@oCdBu@nCfEzFlAhHWdBeAPkBa@qBsCgA~Cl@dAbAvHtCxFdAdEn@OI|@j@XlAbFjApAy@aBQbBi@a@a@p@o@MYq@FcFeAtFPnAbBjCzN|ATs@[qArBsCfBD@`Ap@x@q@yBwAPqDlCwBdDaHiA{DqEb@zBMt@oAxCgE~DnCVoG`CqED{BvDyAh@U[c@r@eBM}@y@WaOe@oBjAcES}E`AgL_@oDeC{Fax@_e@fA@nNxFzJvElC`CTkA`EdEa@hBwBfAwAw@eGiI{GyE{@dDiBhD_D|P^ISm@jBoG`BgOv@[lItEdBrC|ElE`E{@|AXjKnDNbCa@}@K\,2
25,2,Минводы до вокзала,9051.2,2222,2552,38.8,Ride,10.0,4197201404,1DB638FD-5B7C-45DA-BC43-EC23613D2CD4-activity.fit,4490553686,2020-10-15T07:50:28Z,2020-10-15T10:50:28Z,(GMT+03:00) Europe/Moscow,10800.0,"[44.21668, 43.086756]","[44.212443, 43.143296]",,,,44.21668,43.086756,0,3,0,1,0,False,False,False,False,everyone,False,b4930249,False,4490553686,4.073,10.6,114.3,254.1,False,False,False,False,341.9,301.5,0,0,False,22636627,1,a4197201404,ga{lGek~eGp@DBJj@XRVXJLNNFb@b@V\p@h@FT@PBFZNXF@CEYGODYZ}@v@cDLQN[^kALYPURMDAPFbAr@j@j@LFTDZ?JGp@IVIZCt@YXBZGTG`@Gl@QnB_@rAa@ZSTQ^Qf@]z@y@rAaBN]b@uANq@RsABm@Hy@l@oDL_BFU?MLo@\kDLaBMc@@QBKR_@TiBJq@Ba@CWP{BzAoJz@iEVcBR}@dAcDNg@Xu@p@cC`@{BPc@Hi@h@sB\cALk@`@mAx@wD^aA@SAKCAQRH?PMDG~@gCt@qDX{@pA_FRo@Ly@HYAQCIWIqDgC_Ac@gAu@w@]a@]aAk@?HEBWW}@q@OII@OFUAAGEEG?IXd@j@{ExFHEnAb@@NCGN]ACFAFo@HMCC?C^?^IZ?j@FTFRARDJHG@ASCG_AaAU_@Ou@Y_Aa@sAGGw@m@wBmAaBmA][yAeAcBgAaAc@}AaAqAaAe@We@]uAs@qA_Ao@Uc@]_@QYEKGk@g@UIKGGOi@_@c@Qk@[c@SSOm@UMGIO@QNe@ZeB^iAhAiEb@qB`@oAf@}BJQD[h@gCTw@b@eAV_A`@o@t@|@`@Xf@PjAdAj@LTJD?D_@GQACG@EEG?KKKMESDKJKBGJu@HSP_BHWl@{Aj@}BJUN{@\u@jAmE\w@h@gBHg@t@oBH]DGH?VNX?^JPVl@^JFXB~@d@p@TJJl@^LRf@`@D]~@yBVw@ZyBEMe@o@USMG[[s@a@SIkA_AwA{@_@[cCaBa@UMMKEOAo@k@m@]o@q@QK_BkAw@o@GE_@KEGE?W_@GQKEOSAXDF@?B]G]?IRcARs@He@@c@Hs@f@{ATgB|@{CBS^u@Vs@Vi@Pi@L_AR_@J_@@SCWDa@COK[Wa@MMMCEE]o@o@WWUGCKHMIWA_A_@e@U[a@cBu@K?KJE?ECOAMGe@IM?YIc@SCG?My@g@KMISB_@Ja@JQP_BL[BKCSSVUh@GDE?ENDPD?CNF~@IMGQBBBCEQAUYe@IAA@OMKCUQEBGPQp@U^A\Uj@Qt@KNg@rAQp@FYL_@LoAZeADW\m@^aAVc@X?DCP]Z[LYD?JPQYIR?FEJBAECIJAERUDMG]F_ABG@MTmAAG@OJe@BYHMBA,2
26,2,Осенний дощь из Коломенского,5282.1,1672,3380,31.9,Ride,10.0,4195469655,05C1E623-24DD-440E-99F1-A415F3BDB0B5-activity.fit,4488709663,2020-10-14T19:03:26Z,2020-10-14T22:03:26Z,(GMT+03:00) Europe/Moscow,10800.0,"[55.656248, 37.656917]","[55.636265, 37.697357]",,,,55.656248,37.656917,0,3,0,1,0,False,False,False,False,everyone,False,b4930249,False,4488709663,3.159,12.6,103.6,173.2,False,False,False,False,168.5,142.1,0,1,False,22636627,1,a4195469655,ojurIuzydF?KY}@Eg@I[Aj@Zz@F@`AiABBFCXg@AB?APbADF?JGLQ{@cAs@EGYOCUKEAILREE@NDSH?DEN?@D@MAYBHABJADc@@e@`@qCNy@Po@uOhDHz@Lf@d@hCFG^JZDv@]t@g@n@IHCn@}@t@g@b@q@LEVYZUVg@Z?LIZGX?PHJ?d@LHBNL`Ad@VDJHh@VX@NFLLlAn@rB~A\RH@T[hA{@TUd@y@TWLIDGVk@Lq@V{@N]PW`@eAXm@Vo@D[BAVCAK?EVRJBJMJSn@wC?eABYl@}BPy@Tu@Xo@JBPLD?HAJIFOd@aBTe@`@oANu@Xy@TgAPYDc@LUTy@HKRw@@MJ[RcAJOPo@BQ^iARc@LaATeAJWBOD?XiAHI\eA\s@T{ARi@Je@JWZ{Af@aBDUj@cBBYPc@\aBR]T}@Pa@@KXu@V{@B_@BMPe@J{@Tw@Xq@p@wCb@yATgAHQh@{@l@sBVkAZmARm@P_@N{@Am@EYH_A^kA\}At@eBT_AT{ADIFBDKR_B\cB^eAF[h@kBHOLIDGJUTw@Vi@r@yB|@aEXeAFe@JWNEFICKWUGOGAOLI@AHD@A??FAACM@ITs@DYHYJMH_@A}@K[S]Ma@Ua@KY}@{AUu@@Sz@eCF_@Vm@Jm@\}@BYTc@DOJORaAX{@He@h@eADY`@uABYb@uA`@qBb@y@b@eBT_@Xy@Mf@CX?\FXN^Vf@BFF@t@@VDP@NBRRb@n@Jf@CBAD?MQM]i@OK?GCEE_@QaAE_@@IEAEGHEGa@A[CE`Gn@PeBAC,2
27,2,От Воробьевых гор по набережной до Новокузнецкой,15063.4,5500,9875,72.7,Ride,10.0,4194188131,C9DDEE6D-5D5D-457C-85F5-099F9E52A59E-activity.fit,4487359618,2020-10-14T12:24:02Z,2020-10-14T15:24:02Z,(GMT+03:00) Europe/Moscow,10800.0,"[55.696831, 37.538064]","[55.746026, 37.626224]",,,,55.696831,37.538064,1,2,0,1,0,False,False,False,False,everyone,False,b4930249,False,4487359618,2.739,7.5,100.9,554.8,False,False,False,False,199.3,125.3,1,0,False,22636627,1,a4194188131,eh}rI{sbdFMw@BSLCGh@mAbD{BbDoDbHOVEGQ~@qAlCC\`B}E{@gCm@aASMYz@~AmCVeAGCw@gC@RHEWULTIXwAlB}AtDSNuAhE@~@VlAAr@MH{F}KMo@Jq@UUO[LdAk@\Yd@Ip@sA|BF_@cAyCmA_BwAwCcAwD^j@b@rB~@rBHjAMzBw@lB@f@Pb@E]gBkCq@aCzAtEK`BRh@`@HqAsC?oAg@i@iAiDGe@h@Qb@VbCN\m@j@z@Dz@g@hAA^m@jBo@a@e@q@Ok@yAoDU_@QHMSPR?[UPi@_@aAoBq@qBeAaBs@}ByAwBsAwDyAcC}AuEa@m@_Af@iAdC}@dDq@`AWSCu@Vo@NoAx@mDi@ZeB`Ck@Z_ApAw@j@U_@yAWaBkBMDa@`As@D{@~@MAGa@M@u@dAWhBg@h@D|AOg@DKlB_CHw@Zy@x@OfAkBd@Lv@tB`@h@dAVl@QdEiFlBqABHi@vBOnAg@bBBb@\Ml@{@ZFfDtHz@xBtAlBxA`D~BnFnA|DSDY_@CIHQNFfAbBn@yAMz@i@r@@ZC]]w@s@gCc@y@i@e@eAuBiB_Gc@]{BwEq@_CW[L?EXSPSODs@\\@MGQKFWcAi@aASGe@tA]I^mDf@qB?s@uBdBgA^aBbBgAIkBeDi@~AcA~@u@WgAlAQWQaCi@eAD}@x@iAVu@hByCvAyCl@}Af@yB|BwF\oBxAaEP}BPqFKe@f@oAd@sEb@yG`@eDH{FH{OAyFD}AJq@SaDC{BBsFSeGm@_F}@iLe@}CwAkHg@aBq@kGgA}Da@}E}A_IKcA{BeGIAy@uE]iAk@k@uEuMk@w@g@iDiBcBgAqCiAcBWs@wAgA{CgEaBiBo@eAy@cCmCqB{BqDeAu@}BmDsBmBaC{Ei@c@qDaGmHoG}BkA}EeEyAg@aEeDaD}@kBgAqC_AeCoAy@EaG{FiAgBwAaA{BeCoB{F_DgFe@}A_AaEQeAuAuDe@g@{@UWmAiAmAkCiF{@qC}@qEsAyDi@[IH_As@sCaF]Ie@}@WMO_@gBuBuBiFs@kAIo@g@YQmAaCpAc@e@c@{Ac@c@mAiD]]s@qBk@qBsB}IU_BC{AkAkIUiDk@mD`@Ul@BN[]{AQoDFa@f@i@}@f@,2
28,2,По набережной Сжевала страва 20 км,4532.8,1139,1680,9.6,Ride,10.0,4191314207,8C2F2E8C-50D7-4D87-974A-DFF46CD49A4C-activity.fit,4484227633,2020-10-13T15:23:04Z,2020-10-13T18:23:04Z,(GMT+03:00) Europe/Moscow,10800.0,"[55.77533, 37.584597]","[55.639402, 37.694323]",,,,55.77533,37.584597,0,3,0,1,0,False,False,False,False,everyone,False,b4930249,False,4484227633,3.98,11.9,110.1,125.4,False,False,False,False,158.5,135.0,0,0,False,22636627,1,a4191314207,yrlsIuvkdF@ECIi@xABLVTR^RPBGF_@L_@DKDADCVy@r@w@HEv@y@N_@@MXu@t@_BLCFBLER?JGBGf@kAj@eAfAwCJSn@iBTg@FGRc@DUv@qAj@wAb@i@Ta@j@qBB]HUbBwCf@i@XSTq@jAkBv@eAf@gAR[`@w@`@_@HCHFNZVTVf@d@l@\v@\j@Zn@BNFLp@`Aj@bARX\r@rA|Ad@`@VLVbARRNFp@~@Zp@f@n@Rt@Zd@Vb@Z`@Xd@~BfBR^j@v@HVb@^b@VDFBLJHRd@VJTVHNNJPBFBHARMF?hAv@`@f@LDP?FBz@p@H?XJ\?RFt@t@~@`@j@h@l@Jn@XRNZ\PHT@bAVjAJVJVFtA`AF?j@XRA\GHBLEr@LPAZQRBTFNCFJF?LLlA`@b@RXVVHLBLIDi@BGFEHANAXBVCPDVCt@@XDxBJv@CnGZTDp@DFDbATNANHp@Dn@@j@H\JTAb@B`@Lz@b@PNZJHHZCRJ^JTEr@?^Ep@LNEz@FLDj@?PDRBd@I`@A`@Mz@a@\JPTDEDBHAYkCCI@YELGBGNIBMPe@B[IKMKa@ASQg@_AsEEGGHGGE@CIOCCBAUI\Y^Pg@NAEF?MC@?KEE@]CIBCEy@BY?MQSEKs@wC]mCEiA]w@e@eBg@aCg@kAOq@HLAUCEbOupCPEFXzySuyN?MP[Bc@,2
29,2,Тучково - Усово по Москва-реке,76697.9,18725,27219,530.6,Ride,10.0,4189790645,3DAF9A6B-12D3-41B1-935F-7EB2EDD9E5C0-activity.fit,4482606029,2020-10-13T06:45:49Z,2020-10-13T09:45:49Z,(GMT+03:00) Europe/Moscow,10800.0,"[55.597822, 36.46751]","[55.729514, 37.215296]",,,,55.597822,36.46751,0,4,0,2,0,False,False,False,False,everyone,False,b4930249,False,4482606029,4.096,13.8,129.1,2417.0,False,False,False,False,215.0,133.9,0,65,False,22636627,1,a4189790645,k}irI{pq}Ew@sE|AnFgBsHa@QC`Be@mFyKyRaAx@n@}@_F_N}AeRm@qb@aD}ReFcObBoDgFea@`FmH`EqAeA}[z@n\yDx@{EdHnB~RYlAkBdEThCiAkBwQaVci@{z@{DqDuPuF{BmCeQup@hPoUjJwGdFcI|TurAdBwEhSmsA`BmFrNyUfBgGxAeb@{IqcAmAa@w[_sAfAmD{@}Dx@lE|@\vH_EKaCa\gv@aDSkD`CaCpHd@P\gEhBwCpG}@tJjVlNjVPhCpAdEnAOtBkEX{F}B?oEqNyUge@uEkBwCj@gFjEkHfc@kHfXgB`C_FjUsHpIa|@`^eFw@g`@{UiDsFaAsGkCi~@tC{n@qBqh@ma@_gDi`@_x@aBs]cB{EcEyCkO|@aGyBwL{ZmVc]{JyVaPqO{[sx@qE_VuH{r@m^r@uPcMaIeAeSdB{IxEcJYyGcFaLxP{DdAeMcB_SqRiFiCaJzBkArF@fE_HxFdHkGVyHo@wI`@fU}ARdAo@b@wE_@jADk^pAyNjC{Gg@g@zIiGjAuErF{IdGuOdBkHrDaWsBqV}Nij@wIwe@yBcf@yEck@RiC_AqAqBaTgBe`@cG{j@p@i@eAJ_GsTqH{If@sFl[iGzBmO`Ci^pC}LyDzJW}BoRoRaFgD{HwJ{@}OaCyHjB{S]yHnCgBd@mCfAyf@]zF\sKdAeIjC}BFqFyEcDuKyVoVqNsRqUeLmRyGySc@yJsHm]_Ygm@cKgPViAwAcKfDaHiD{JtDq[xI}PrCzFiBuGlCmE`RaMbFhNzBbAhFuJhWaVdAgDpMeN`HcT~A~@jTgFbSbEdBlHn@H~CqMlCkUlDcLTiI`Fz@n@yIn@Uo@kABbCj@i@cAv@eDd@sG{CxBuN}DgPeDcF_GlAiBuF_F{BuAgCgHyUwFa`@wJ}e@mQcVmEyNqFmZmGoIgBuH`Di^dE{RuBkn@vJv@sM_CnAuYNed@tB_R[eBeHeHfIqVp@oIyD{j@hA{a@wDaHvJgJjEas@bJ}n@xHatAf]_v@dB}GvBuuBdAwWeAocBx@cSbDqOeAug@j@gPiAcG_OaQ_OoVsKwc@yIos@mAcRP}Um@}FIsy@jAyy@yC_v@yJ_t@qEeh@[aUmC_RgGuWgNmK{A_S}CkNDuj@hI}pAyBagAuEgx@uN}y@gCyh@eEe[JaBdBm@sCyE}AoL`@[TxD`Bw@w@|@y@uDPpD^k@o@eUU}@,2
